商品名称,建议零售价,批发价,当期找货价格,盒码,条码
555(冰炫),240,216.05,,8888075024020,8888075024037
555(冰炫),240,216.05,230.0,,8888075024020
555(双冰),320,271.07,,8888075018609,8888075018616
555(双冰),320,271.07,265.0,,8888075018609
七匹狼(纯境),160,143.1,,6901028211345,6901028211352
七匹狼(纯境),160,143.1,178.0,,6901028211345
七匹狼(银中支),230,201.4,,,6901028209106
七匹狼(银中支),230,201.4,195.0,,6901028209113
七匹狼(锋芒),180,158.0,145.0,,6901028143561
七匹狼(锋芒),180,158.0,,6901028143561,6901028143554
万宝路(硬冰爵2.0）,260,225.0,210.0,,6901028204019
万宝路(硬冰爵2.0）,260,225.0,,6901028204019,6901028204026
万宝路(软红2.0),160,143.1,,6901028143431,6901028143448
万宝路(软红2.0),160,143.1,165.0,,6901028143431
三沙(细支),260,225.0,,6901028020213,6901028020091
三沙(细支),260,225.0,205.0,,6901028020213
中华(双中支),500,424.0,,6901028018715,6901028018722
中华(双中支),500,424.0,433.0,,6901028018715
中华(硬),450,381.6,365.0,,6901028075763
中华(硬),450,381.6,,6901028075763,6901028075015
中华(细支),500,424.0,,6901028212212,6901028212229
中华(细支),500,424.0,420.0,,6901028212212
中华(细支3mg),1000,848.0,1300.0,,6901028212649
中华(细支6mg),600,510.0,510.0,,6901028212878
中华(细支6mg),600,510.0,,6901028212878,6901028212885
中华(软),700,583.0,,6901028075770,6901028075022
中华(软),700,583.0,550.0,,6901028075770
中华(金中支),1000,678.4,680.0,,6901028018623
中华(金中支),1000,678.4,,6901028018623,6901028018630
中华(金双中),600,510.0,505.0,,6901028212755
中华(金双中),600,510.0,,6901028212755,6901028212762
中华(金细支),800,678.4,650.0,,6901028212120
中华(金细支),800,678.4,,6901028212120,6901028212137
中南海(冰耀中支),230,201.4,207.0,,6901028010764
中南海(冰耀中支),230,201.4,,6901028010764,6901028010771
丹纳曼(圣安东尼奥罗布图),2200,1525.1,2200.0,,7898368940785
云烟(9+1大重九),800,720.8,725.0,,6901028311922
云烟(中支云龙),200,175.0,,6901028318549,6901028318556
云烟(中支云龙),200,175.0,168.0,,6901028318549
云烟(中支大重九),1000,848.0,,6901028340694,6901028340700
云烟(中支大重九),1000,848.0,820.0,,6901028340694
云烟(中支小重九),500,424.0,400.0,,6901028333719
云烟(中支小重九),500,424.0,,6901028333719,6901028333726
云烟(中支福),300,263.0,253.0,,6901028333085
云烟(中支金腰带),300,263.0,,6901028340663,6901028340670
云烟(中支金腰带),300,263.0,246.0,,6901028340663
云烟(印象),650,561.8,550.0,,6901028310437
云烟(印象),650,561.8,,6901028310437,6901028310444
云烟(印象烟庄),450,360.4,,6901028051606,6901028051613
云烟(印象烟庄),450,360.4,350.0,,6901028051606
云烟(小熊猫家园),200,158.0,,6901028340601,6901028340618
云烟(小熊猫家园),200,158.0,154.0,,6901028340601
云烟(流金印象细支),450,381.6,365.0,,6901028333269
云烟(流金印象细支),450,381.6,,6901028333269,6901028333276
云烟(硬云龙),150,129.3,,6901028339889,6901028339896
云烟(硬云龙),150,129.3,121.0,,6901028339889
云烟(硬苁蓉),130,114.5,110.0,,6901028177146
云烟(硬苁蓉),130,114.5,,6901028177146,6901028177153
云烟(神秘花园),320,275.6,300.0,,6901028319027
云烟(神秘花园),320,275.6,,6901028319027,6901028319034
云烟(福),120,107.06,121.0,,6901028310970
云烟(福),120,107.06,,6901028310970,6901028310987
云烟(紫),130,114.5,117.5,,6901028046886
云烟(紫),130,114.5,,6901028046886,6901028046893
云烟(细支云龙),150,129.3,124.0,,6901028339940
云烟(细支云龙),150,129.3,,6901028339940,6901028339957
云烟(细支大重九),1000,848.0,815.0,,6901028312349
云烟(细支大重九),1000,848.0,,6901028312349,6901028312356
云烟(细支小重九),500,424.0,415.0,,6901028318907
云烟(细支小重九),500,424.0,,6901028318907,6901028318914
云烟(细支灵感蘑菇),260,225.0,,,6901028318938
云烟(细支灵感蘑菇),260,225.0,230.0,,6901028318945
云烟(细支珍品),260,225.0,,6901028339520,6901028339537
云烟(细支珍品),260,225.0,203.0,,6901028339520
云烟(细支筋斗云),350,300.0,305.0,,6901028318990
云烟(细支筋斗云),350,300.0,,6901028318990,6901028319003
云烟(细支醇萃),300,263.0,340.0,,6901028319096
云烟(细支醇萃),300,263.0,,,6901028319089
云烟(软印象烟庄),370,318.0,,6901028051156,6901028051163
云烟(软印象烟庄),370,318.0,303.0,,6901028051156
云烟(软大重九),1000,720.8,690.0,,6901028051996
云烟(软大重九),1000,720.8,,6901028051996,6901028051989
云烟(软如意),120,93.28,105.0,,6901028310611
云烟(软珍品),230,206.7,200.0,,6901028045902
云烟(软珍品),230,206.7,,6901028045902,6901028045919
云烟(软礼印象),800,720.8,720.0,,6901028310826
云烟(软礼印象),800,720.8,,6901028310826,6901028310833
云烟(黑金刚印象),560,466.4,455.0,,6901028318457
云烟(黑金刚印象),560,466.4,,6901028318457,6901028318464
人民大会堂(硬红细支),160,139.92,,6901028092821,6901028092838
人民大会堂(硬红细支),160,139.92,145.0,,6901028092821
人民大会堂(红细支),260,225.0,200.0,,6901028092425
人民大会堂(红细支),260,225.0,,6901028092425,6901028092432
兰州(硬珍品),180,155.0,,6901028065498,6901028065504
兰州(硬珍品),180,155.0,155.0,,6901028065498
兰州(黑中支),300,263.0,,6901028067959,6901028067799
兰州(黑中支),300,263.0,270.0,,6901028067959
冬虫夏草(双中支),400,339.2,300.0,,6901028177665
冬虫夏草(双中支),400,339.2,,6901028177665,6901028177757
冬虫夏草(和润),600,424.0,,6901028177207,6901028177214
冬虫夏草(和润),600,424.0,380.0,,6901028177207
利群(休闲细支),1000,848.0,835.0,,6901028216708
利群(新版),160,143.1,,6901028118170,6901028118187
利群(新版),160,143.1,171.0,,6901028118170
利群(江南韵),260,225.0,,6901028121811,6901028121828
利群(江南韵),260,225.0,230.0,,6901028121811
利群(西子阳光),310,275.6,,6901028118996,6901028119009
利群(西子阳光),310,275.6,270.0,,6901028118996
利群(软蓝),180,159.0,,6901028216159,6901028216166
利群(软蓝),180,159.0,165.0,,6901028216159
利群(软长嘴),360,318.0,305.0,,6901028120692
利群(软长嘴),360,318.0,,6901028120692,6901028120708
利群(长嘴),220,190.8,188.0,,6901028118811
利群(长嘴),220,190.8,,6901028118811,6901028118828
利群(阳光尊中支),400,339.2,340.0,,6901028217057
利群(阳光尊中支),400,339.2,,6901028217057,6901028217064
利群(阳光细支),400,339.2,345.0,,6901028265263
南京(十二钗烤烟),280,243.8,238.0,,6901028062312
南京(十二钗烤烟),280,243.8,,6901028062312,6901028062329
南京(十二钗薄荷),220,188.68,,6901028062343,6901028062350
南京(十二钗薄荷),220,188.68,185.0,,6901028062343
南京(大观园爆冰),300,263.0,250.0,,6901028112499
南京(大观园爆冰),300,263.0,,6901028112499,6901028112505
南京(梦都),200,175.0,170.0,,6901028115155
南京(梦都),200,175.0,,6901028115155,6901028115148
南京(炫赫门),180,155.0,191.0,,6901028111263
南京(炫赫门),180,155.0,,6901028111263,6901028111270
南京(细支九五),1000,678.4,685.0,,6901028113199
南京(细支九五),1000,678.4,,6901028113199,6901028112987
南京(软九五),1000,720.8,700.0,,6901028301695
南京(雨花石),530,455.8,,6901028111539,6901028111546
南京(雨花石),530,455.8,440.0,,6901028111539
双喜(勿忘我),200,175.0,170.0,,6901028009737
双喜(勿忘我),200,175.0,,6901028009737,6901028009744
双喜(春天˙咖路里),260,225.0,210.0,,6901028247368
双喜(春天˙咖路里),260,225.0,,6901028247368,6901028247375
双喜(春天清风),260,225.0,270.0,,6901028247542
双喜(春天白月光),300,263.0,,6901028247573,6901028247580
双喜(春天白月光),300,263.0,260.0,,6901028247573
双喜(硬经典1906),170,150.52,,6901028001618,6901028001625
双喜(硬经典1906),170,150.52,147.0,,6901028001618
大华(硬大时代),180,143.1,143.0,,4719579942388
大华(硬开元),280,245.0,,4719579940995,4719579941008
大华(硬开元),280,245.0,195.0,,4719579940995
大卫杜夫(经典2号),4750,3310.75,4750.0,,7623500279368
大卫杜夫(至暗时刻罗伯斯特),7000,4959.0,7000.0,,7623500332650
天子(中支),250,201.4,185.0,,6901028229067
天子(中支),250,201.4,,6901028229067,6901028229074
天子(硬珍品龙凤呈祥),210,180.2,165.0,,6901028229425
天子(硬珍品龙凤呈祥),210,180.2,,6901028229425,6901028229432
天子(金),200,167.48,,6901028227278,6901028227285
天子(金),200,167.48,160.0,,6901028227278
好猫(细支长乐),160,139.92,,6901028058131,6901028058148
好猫(细支长乐),160,139.92,143.0,,6901028058131
好猫(长乐九美),200,175.0,170.0,,6901028937825
好猫(长乐九美),200,175.0,,6901028937825,6901028937832
威斯(小熊猫),100,88.0,110.0,,6901028313513
威斯(小熊猫),100,88.0,,6901028313513,6901028313520
娇子(X),110,97.0,102.0,,6901028024969
娇子(X),110,97.0,,6901028024969,6901028024976
娇子(宽窄锦上细支),300,263.0,260.0,,6901028268974
娇子(宽窄锦上细支),300,263.0,,6901028268974,6901028268981
娇子(格调细支),150,129.3,125.0,,6901028084765
娇子(格调细支),150,129.3,,6901028084765,6901028084772
寂静(红点系列白色罗布图),5200,3619.8,5200.0,,1689674146261
寂静(红点系列罗步图),3750,2681.75,3750.0,,1689674111764
富恩特(唐·卡洛斯罗布图),7375,5900.0,7375.0,,5420067724001
富恩特(海明威短篇小说),6375,5100.0,6375.0,,5420067725008
富恩特(热带雨林),3750,2896.5,3750.0,,5420067720119
富恩特(玛瑙56),7375,5900.0,7375.0,,5420067723059
富恩特(珍藏858),1950,1549.3,1950.0,,5420067721529
将军(大力神),400,260.0,260.0,,6901028150712
将军(战神),230,161.0,161.0,,6901028150835
将军(战神荣耀),1000,720.0,720.0,,6901028158039
工字(红),110,86.0,70.0,,6901028028516
帕特加(喜维亚四号),6750,4784.0,6750.0,,4893225010680
泰山(3G水蜜桃二代),180,136.2,110.0,,6901028941136
泰山(儒风细支),300,263.0,,6901028154611,6901028154628
泰山(儒风细支),300,263.0,242.0,,6901028154611
泰山(巅峰5号),3000,1800.0,3000.0,,6901028154383
泰山(巴哈马),260,196.0,115.0,,6901028154468
泰山(巴哈马),260,196.0,,6901028154468,6901028154475
泰山(心悦）,160,139.92,135.0,,6901028159746
泰山(心悦）,160,139.92,,6901028159746,6901028159753
泰山(战神2号),1440,864.0,1440.0,,6901028240772
泰山(战神5号),400,260.0,260.0,,6901028941556
泰山(战神6号),1440,864.0,1440.0,,6901028240802
泰山(战神白金),1600,960.0,1600.0,,6901028239608
泰山(战神黑金),2400,1440.0,2400.0,,6901028239578
泰山(硬红八喜),65,57.24,,6901028159531,6901028159548
泰山(硬红八喜),65,57.24,68.0,,6901028159531
泰山(茉莉香韵),500,424.0,,6901028155960,6901028155977
泰山(茉莉香韵),500,424.0,415.0,,6901028155960
泰山(超级战神),1500,900.0,1500.0,,6901028158244
泰山(都市丛林),2000,1200.0,2000.0,,6901028941525
泰山(颜悦),200,167.48,168.0,,6901028155540
泰山(颜悦),200,167.48,,6901028155540,6901028155557
潮牌(冠军),1600,1091.7,1600.0,,1689674058366
熊猫(典藏中支),1200,1000.0,1300.0,,6901028212526
熊猫(硬经典),1000,848.0,820.0,,6901028212588
熊猫(硬经典),1000,848.0,,,6901028212571
熊猫(经典细支),1000,848.0,,,6901028212663
熊猫(经典细支),1000,848.0,980.0,,6901028212670
爱喜幻变,240,207.97,230.0,,8801116005574
爱喜幻变,240,207.97,,8801116005574,8801116005581
爱喜薄荷,220,196.24,225.0,,8801116006458
牡丹(玄华双中),400,339.2,,6901028212489,6901028212496
牡丹(玄华双中),400,339.2,340.0,,6901028212489
牡丹(红中支),200,175.0,205.0,,6901028212243
牡丹(红中支),200,175.0,,6901028212243,6901028212250
牡丹(蓝中支),300,263.0,,6901028212182,6901028212199
牡丹(蓝中支),300,263.0,269.0,,6901028212182
牡丹(蓝彩细支),300,263.0,240.0,,6901028212731
牡丹(蓝彩细支),300,263.0,,6901028212731,6901028212748
牡丹(软),140,121.9,172.0,,6901028075862
牡丹(软),140,121.9,,6901028075862,6901028075053
狮牌(加勒比阳光),600,452.0,452.0,,6901028145671
玉溪(中支和谐),400,339.2,330.0,,6901028052689
玉溪(中支和谐),400,339.2,,6901028052689,6901028052696
玉溪(中支境界),600,510.0,,6901028323499,6901028323505
玉溪(中支境界),600,510.0,500.0,,6901028323499
玉溪(创客),200,175.0,,6901028325097,6901028325103
玉溪(创客),200,175.0,180.0,,6901028325097
玉溪(合顺),300,263.0,,6901028324946,6901028324953
玉溪(合顺),300,263.0,235.0,,6901028324946
玉溪(硬和谐),400,339.2,,6901028314442,6901028314459
玉溪(硬和谐),400,339.2,320.0,,6901028314442
玉溪(细支),300,263.0,,6901028323970,6901028323987
玉溪(细支),300,263.0,248.0,,6901028323970
玉溪(细支缤果爆),260,225.0,,6901028325240,6901028325257
玉溪(细支缤果爆),260,225.0,280.0,,6901028325240
玉溪(细支翡翠),800,678.4,650.0,,6901028324618
玉溪(细支翡翠),800,678.4,,6901028324618,6901028324625
玉溪(软),230,201.4,,6901028317122,6901028317177
玉溪(软),230,201.4,191.0,,6901028317122
玉溪(软初心),200,175.0,,6901028053587,6901028053594
玉溪(软初心),200,175.0,168.0,,6901028053587
玉溪(软境界),800,678.4,650.0,,6901028316002
玉溪(软尚善),280,243.8,,6901028315180,6901028315197
玉溪(软尚善),280,243.8,225.0,,6901028315180
玉溪(软阿诗玛),200,175.0,,6901028053075,6901028053082
玉溪(软阿诗玛),200,175.0,165.0,,6901028053075
玉溪(鑫中支),260,225.0,216.0,,6901028322850
玉溪(鑫中支),260,225.0,,6901028322850,6901028322867
玉溪细支翡翠,0,0.0,650.0,,
王冠(20支),300,230.0,,6901028208345,6901028208352
王冠(20支),300,230.0,230.0,,6901028208345
王冠(假日·黄金海岸),540,420.0,420.0,,6901028088619
王冠(冰咖MIX),400,304.0,304.0,,6901028089616
王冠(原味1号),60,46.0,35.0,,6901028127516
王冠(原味9号),150,120.0,,6901028223638,6901028223621
王冠(原味9号),150,120.0,100.0,,6901028223638
王冠(塑2支全叶卷),130,100.0,100.0,,6901028088046
王冠(小国粹),750,567.5,567.5,,6901028089920
王冠(梅兰竹菊),800,576.0,576.0,,6901028223447
王冠(经典铝2支全叶卷),350,262.0,262.0,,6901028131988
王冠(茶香之茶马古道),950,480.0,480.0,,6901028124652
王冠(蓝色假日),1000,755.0,755.0,,6901028132695
白沙(和天下),1000,848.0,820.0,,6901028196925
白沙(和天下),1000,848.0,,6901028196925,6901028196932
白沙(和天下尊品中支),1200,1000.0,1200.0,,6901028245111
白沙(和天下尊品细支),1000,848.0,1100.0,,6901028245142
白沙(硬和天下双中支),900,763.2,,6901028204798,6901028204804
白沙(硬和天下双中支),900,763.2,745.0,,6901028204798
白沙(硬天天向上细支),160,129.3,150.0,,6901028064842
白沙(硬细支和天下),1000,720.8,715.0,,6901028196048
白沙(硬细支和天下),1000,720.8,,6901028196048,6901028196055
白沙(软和天下),1000,720.8,710.0,,6901028196017
白沙(软和天下),1000,720.8,,6901028196017,6901028196024
白沙(长丰),70,61.5,62.0,,6901028249249
白沙(长丰),70,61.5,,6901028249249,6901028249256
真龙(凌云),150,121.9,145.0,,6901028011990
真龙(凌云),150,121.9,,6901028011990,6901028012003
真龙(美人香草),200,167.48,,6901028013765,6901028013772
真龙(美人香草),200,167.48,168.0,,6901028013765
真龙(起源),250,212.0,220.0,,6901028011778
真龙(起源),250,212.0,,6901028011778,6901028011785
红塔山(双享),400,339.2,340.0,,6901028322799
红塔山(硬恭贺新禧),150,121.9,,6901028053105,6901028053112
红塔山(硬恭贺新禧),150,121.9,110.0,,6901028053105
红塔山(硬新势力),110,93.28,105.0,,6901028314169
红塔山(硬经典),90,75.0,,6901028314978,6901028314985
红塔山(硬经典),90,75.0,89.0,,6901028314978
红塔山(硬经典100),110,97.0,,6901028315425,6901028315432
红塔山(硬经典100),110,97.0,105.0,,6901028315425
红塔山(细支传奇),180,155.0,,6901028324823,6901028324830
红塔山(细支传奇),180,155.0,146.0,,6901028324823
红旗渠(雪茄),50,44.5,74.0,,6901028164160
红旗渠(雪茄),50,44.5,,6901028164160,6901028164177
红河(硬88),120,97.0,,6901028055055,6901028055352
红河(硬88),120,97.0,129.0,,6901028055055
红河(硬99),140,121.9,113.0,,6901028055062
红河(硬99),140,121.9,,6901028055062,6901028055369
红河(软99),130,114.48,,6901028055093,6901028055390
红河(软99),130,114.48,108.0,,6901028055093
红河(软甲),65,57.2,79.5,,6901028055024
红河(软甲),65,57.2,,6901028055024,6901028055314
红河(道),800,720.8,710.0,,6901028055185
罗密欧(丘吉尔银管),11250,7958.25,11250.0,,4893225030190
罗密欧(银管一号),4000,2861.25,4000.0,,4893225033368
罗密欧(银管三号),3500,2414.75,3500.0,,4893225033429
芙蓉王(品悦细支),260,225.0,,6901028278256,6901028278263
芙蓉王(品悦细支),260,225.0,210.0,,6901028278256
芙蓉王(沁爽细支),300,263.0,,6901028195010,6901028195027
芙蓉王(沁爽细支),300,263.0,275.0,,6901028195010
芙蓉王(硬),250,218.36,,6901028193498,6901028193504
芙蓉王(硬),250,218.36,205.0,,6901028193498
芙蓉王(硬中支),300,263.0,245.0,,6901028204828
芙蓉王(硬中支),300,263.0,,6901028275651,6901028275668
芙蓉王(硬红带细支),300,263.0,,6901028201988,6901028201995
芙蓉王(硬红带细支),0,263.0,240.0,,6901028201988
芙蓉王(硬细支),260,225.0,,6901028201711,6901028201728
芙蓉王(硬细支),260,225.0,215.0,,6901028201711
芙蓉王(硬闪带细支),350,300.0,273.0,,6901028191296
芙蓉王(硬闪带细支),350,300.0,,6901028191296,6901028191623
芙蓉王(硬领航),500,424.0,385.0,,6901028064927
芙蓉王(绽放),350,300.0,,6901028195805,6901028195935
芙蓉王(绽放),350,300.0,315.0,,6901028195805
芙蓉王(绽放细支),400,339.2,,6901028275323,6901028275330
芙蓉王(绽放细支),400,339.2,320.0,,6901028275323
芙蓉王(荣耀中支),400,339.2,330.0,,6901028205986
芙蓉王(蓝),350,307.4,285.0,,6901028193856
芙蓉王(锦绣),500,381.6,,6901028245760,6901028245777
芙蓉王(锦绣),500,381.6,365.0,,6901028245760
芙蓉王(锦绣世纪3mg),800,678.4,1300.0,,6901028278447
芙蓉王(锦绣细支),500,424.0,424.0,,6901028245562
苏烟(软金砂),450,381.6,350.0,,6901028114448
苏烟(软金砂),450,381.6,,6901028114448,6901028114455
蒙特(埃德蒙),8250,5794.25,8250.0,,4893225002692
蒙特利(逍遥二号),6250,4399.25,6250.0,,4893225060104
贵烟(喜),160,143.1,149.0,,6901028037051
贵烟(喜),160,143.1,,6901028037051,6901028037068
贵烟(国酒香.30),1000,720.8,721.0,,6901028102827
贵烟(山水),260,225.0,220.0,,6901028095037
贵烟(山水),260,225.0,,6901028095037,6901028095044
贵烟(硬黄精品),140,114.5,136.0,,6901028039741
贵烟(硬黄精品),140,114.5,,6901028039741,6901028039758
贵烟(福中支),500,424.0,424.0,,6901028095792
贵烟(细支国酒香30),900,678.4,660.0,,6901028221658
贵烟(萃),200,158.0,,6901028221535,6901028221542
贵烟(萃),200,158.0,155.0,,6901028221535
贵烟(跨越),250,201.4,196.0,,6901028221443
贵烟(跨越),250,201.4,,6901028221443,6901028221450
金圣(吉品),250,219.42,,6901028133906,6901028133890
金圣(吉品),250,219.42,200.0,,6901028133906
金圣(青瓷),180,158.0,,6901028224635,6901028224642
金圣(青瓷),180,158.0,150.0,,6901028224635
金桥(冰爆),200,175.0,165.0,,6901028143844
金桥(炫影细支),260,225.0,170.0,,6901028211918
金桥(炫影细支),260,225.0,,6901028211918,6901028211925
钻石(双中支荷花),450,381.6,380.0,,6901028107136
钻石(双中支荷花),450,381.6,,6901028107136,6901028107150
钻石(细支荷花),420,360.4,375.0,,6901028080514
钻石(细支荷花),420,360.4,,6901028080514,6901028080521
钻石(荷花),320,275.6,305.0,,6901028079952
钻石(荷花),320,275.6,,6901028079952,6901028079990
钻石(荷花小雅90mm细支),550,470.0,470.0,,6901028107372
钻石(荷花小雅90mm细支),550,470.0,,6901028107372,6901028107389
钻石(软荷花),500,339.2,,6901028077903,6901028077910
钻石(软荷花),500,339.2,360.0,,6901028077903
钻石荷花小雅90mm细支,0,0.0,470.0,,
长城(10支132秘制),1200,900.0,1200.0,,6901028032957
长城(132奇迹),1000,650.0,640.0,,6901028042475
长城(132益川老坊3),2500,1750.0,2500.0,,6901028237086
长城(132迷你3号),250,187.5,187.5,,6901028237857
长城(3号),300,230.0,230.0,,6901028035583
长城(GJ6号),2000,1200.0,2000.0,,6901028238397
长城(GL3号),3080,1680.0,3080.0,,6901028237055
长城(唯佳金字塔),1700,1150.0,1700.0,,6901028238410
长城(大号铝管5支),250,190.0,190.0,,6901028028509
长城(导师6号),1500,1050.0,1500.0,,6901028268462
长城(揽胜1号),1600,1120.0,1600.0,,6901028145909
长城(揽胜3号经典),800,600.0,600.0,,6901028029292
长城(生肖版),1500,1120.0,1500.0,,6901028085694
长城(盛世3号),880,616.0,616.0,,6901028258982
长城(盛世5号),300,230.0,230.0,,6901028032308
长城(盛世6号),840,588.0,588.0,,6901028258951
长城(红色132),200,150.0,150.0,,6901028146005
长城(经典3号),500,380.0,380.0,,6901028258074
长城(迷你香草),260,200.0,120.0,,6901028145275
长白山(777),150,121.9,138.0,,6901028100267
长白山(777),150,121.9,,6901028100267,6901028100274
长白山(蓝尚),180,158.0,160.0,,6901028098335
高希霸(世纪四),13500,9362.75,13500.0,,4893225390294
高希霸(罗布图木盒25支装),13750,9604.25,13750.0,,4893225390188
黄山(徽商新概念细支),500,339.2,320.0,,6901028125901
黄山(徽商新概念细支),500,339.2,,6901028125901,6901028125970
黄山(新制皖烟),140,121.9,129.0,,6901028225168
黄山(新制皖烟),140,121.9,,6901028225168,6901028225175
黄山(记忆),140,121.9,130.0,,6901028223751
黄果树(佳品),70,61.5,,6901028036955,6901028036962
黄果树(佳品),70,61.5,78.0,,6901028036955
黄金叶(乐途),140,121.9,127.0,,6901028160278
黄金叶(乐途),140,121.9,,6901028160278,6901028160285
黄金叶(商鼎),200,175.0,,6901028167062,6901028172509
黄金叶(商鼎),200,175.0,170.0,,6901028167062
黄金叶(大成细支),350,263.0,,6901028252997,6901028252980
黄金叶(大成细支),350,263.0,245.0,,6901028252997
黄金叶(天叶),1000,678.4,,6901028169998,6901028169967
黄金叶(天叶),1000,678.4,710.0,,6901028169998
黄金叶(天叶中支),1200,1000.0,950.0,,6901028161855
黄金叶(天叶中支),1200,1000.0,,6901028161855,6901028161862
黄金叶(天叶细支),1000,848.0,830.0,,6901028165853
黄金叶(天叶细支),1000,848.0,,6901028165853,6901028165860
黄金叶(天香中支),550,424.0,410.0,,6901028163712
黄金叶(天香中支),550,424.0,,6901028163712,6901028163729
黄金叶(天香细支),550,455.8,,6901028165358,6901028165365
黄金叶(天香细支),550,455.8,440.0,,6901028165358
黄金叶(浓香细支),300,263.0,,6901028164795,6901028164801
黄金叶(浓香细支),300,263.0,220.0,,6901028164795
黄金叶(炫尚),200,175.0,150.0,,6901028161800
黄金叶(炫尚),200,175.0,,6901028161800,6901028161817
黄金叶(爱尚),160,139.92,148.0,,6901028165235
黄金叶(爱尚),160,139.92,,6901028165235,6901028165242
黄金叶(软天叶),900,763.2,840.0,,6901028167888
黄鹤楼(1916雪之梦3号),1800,1200.0,1800.0,,6901028184366
黄鹤楼(冰咖),260,225.0,325.0,,6901028939621
黄鹤楼(冰咖),260,225.0,,6901028939621,6901028271004
黄鹤楼(天下名楼),160,139.92,145.0,,6901028180801
黄鹤楼(天下名楼),160,139.92,,6901028180801,6901028180818
黄鹤楼(炫彩),400,280.0,200.0,,6901028178976
黄鹤楼(硬15细支),1000,848.0,875.0,,6901028190374
黄鹤楼(硬1916),1000,848.0,800.0,,6901028184250
黄鹤楼(硬1916如意),1000,763.2,,6901028218597,6901028218603
黄鹤楼(硬1916如意),1000,763.2,745.0,,6901028218597
黄鹤楼(硬1916红爆),1000,720.8,715.0,,6901028218634
黄鹤楼(硬峡谷情细支),350,263.0,,6901028188012,6901028188029
黄鹤楼(硬峡谷情细支),350,263.0,250.0,,6901028188012
黄鹤楼(硬峡谷柔情),400,263.0,260.0,,6901028181440
黄鹤楼(硬峡谷柔情),400,263.0,,6901028181440,6901028181457
黄鹤楼(硬平安),1000,720.8,680.0,,6901028184304
黄鹤楼(视窗),400,300.0,,6901028241403,6901028241410
黄鹤楼(视窗),400,300.0,318.0,,6901028241403
黄鹤楼(软1916),1000,848.0,810.0,,6901028187855
黄鹤楼(软蓝),190,164.3,,6901028180573,6901028180580
黄鹤楼(软蓝),190,164.3,160.0,,6901028180573
黄鹤楼(迷你冰爽),250,190.0,160.0,,6901028241489
黄鹤楼(迷你醇味),240,182.4,140.0,,6901028218726
黄鹤楼(逍遥5号),1200,760.0,1200.0,,6901028241359
黄鹤楼(逍遥6号),1000,700.0,700.0,,6901028241434
黄鹤楼(逍遥7号),850,595.0,595.0,,6901028242462
黄鹤楼(雪之梦10号),1200,744.0,1200.0,,6901028218665
黄鹤楼(雪之梦5号),800,560.0,560.0,,6901028184632
黄鹤楼(雪之梦7号),700,460.0,460.0,,6901028242493
黄鹤楼(雪之梦8号),500,300.0,300.0,,6901028183901
黄鹤楼(雪之梦9号),1100,700.0,1100.0,,6901028183994
黄鹤楼(雪之韵2号),240,180.0,180.0,,6901028184960
